{
    "navigationBarTitleText":"详情",
    "usingComponents": {
        "i-icon": "../../static/iview/icon/index",
        "i-row": "../../static/iview/row/index",
        "i-col": "../../static/iview/col/index",
        "i-card": "../../static/iview/card/index",
        "i-button": "../../static/iview/button/index",
        "i-message": "../../static/iview/message/index",
        "i-modal": "../../static/iview/modal/index",
          "i-toast": "../../static/iview/toast/index"
    }
}